{
    "confidence_score": 0.9430851936340332,
    "ptm": 0.9824468493461609,
    "iptm": 0.9750003814697266,
    "ligand_iptm": 0.0,
    "protein_iptm": 0.9750003814697266,
    "complex_plddt": 0.9351063966751099,
    "complex_iplddt": 0.9149181842803955,
    "complex_pde": 0.29254308342933655,
    "complex_ipde": 0.4260076582431793,
    "chains_ptm": {
        "0": 0.9828790426254272,
        "1": 0.9748513102531433
    },
    "pair_chains_iptm": {
        "0": {
            "0": 0.9828790426254272,
            "1": 0.8990101218223572
        },
        "1": {
            "0": 0.9750003814697266,
            "1": 0.9748513102531433
        }
    }
}