{
    "confidence_score": 0.9567050933837891,
    "ptm": 0.9872435331344604,
    "iptm": 0.9810878038406372,
    "ligand_iptm": 0.0,
    "protein_iptm": 0.9810878038406372,
    "complex_plddt": 0.9506094455718994,
    "complex_iplddt": 0.9450375437736511,
    "complex_pde": 0.27555572986602783,
    "complex_ipde": 0.40342265367507935,
    "chains_ptm": {
        "0": 0.9876518249511719,
        "1": 0.9820427298545837
    },
    "pair_chains_iptm": {
        "0": {
            "0": 0.9876518249511719,
            "1": 0.8980585932731628
        },
        "1": {
            "0": 0.9810878038406372,
            "1": 0.9820427298545837
        }
    }
}