Design,binder_sequence,boltz_confidence_score,boltz_complex_pDE,boltz_complex_iPDE,boltz_pTM_complex,boltz_ipTM_complex,boltz_pLDDT_complex,boltz_ipLDDT_complex,boltz_pLDDT_target,boltz_pLDDT_binder
peptide_l12_s266926_complete,CETNDAWRRREC,0.910071849822998,0.3073124289512634,0.4144533574581146,0.9780967235565186,0.9702576398849487,0.895025372505188,0.8653925657272339,0.90942115,0.60830986
peptide_l12_s266926_mpnn1_complete,CDSDSGSGPREC,0.9279590845108032,0.3054463267326355,0.5717779397964478,0.9769482016563416,0.9550783038139343,0.9211792945861816,0.906216025352478,0.92941976,0.7570582
