{
    "confidence_score": 0.9269847869873047,
    "ptm": 0.9848997592926025,
    "iptm": 0.9497843384742737,
    "ligand_iptm": 0.0,
    "protein_iptm": 0.9497843384742737,
    "complex_plddt": 0.9212848544120789,
    "complex_iplddt": 0.844559371471405,
    "complex_pde": 0.28961268067359924,
    "complex_ipde": 0.6430553197860718,
    "chains_ptm": {
        "0": 0.986648440361023,
        "1": 0.9463251829147339
    },
    "pair_chains_iptm": {
        "0": {
            "0": 0.986648440361023,
            "1": 0.7944068908691406
        },
        "1": {
            "0": 0.9497843384742737,
            "1": 0.9463251829147339
        }
    }
}