{
    "confidence_score": 0.9279590845108032,
    "ptm": 0.9769482016563416,
    "iptm": 0.9550783038139343,
    "ligand_iptm": 0.0,
    "protein_iptm": 0.9550783038139343,
    "complex_plddt": 0.9211792945861816,
    "complex_iplddt": 0.906216025352478,
    "complex_pde": 0.3054463267326355,
    "complex_ipde": 0.5717779397964478,
    "chains_ptm": {
        "0": 0.978286623954773,
        "1": 0.9516323804855347
    },
    "pair_chains_iptm": {
        "0": {
            "0": 0.978286623954773,
            "1": 0.7873206734657288
        },
        "1": {
            "0": 0.9550783038139343,
            "1": 0.9516323804855347
        }
    }
}