{
    "confidence_score": 0.9439806938171387,
    "ptm": 0.9802738428115845,
    "iptm": 0.980194628238678,
    "ligand_iptm": 0.0,
    "protein_iptm": 0.980194628238678,
    "complex_plddt": 0.934927225112915,
    "complex_iplddt": 0.9392901659011841,
    "complex_pde": 0.2933368980884552,
    "complex_ipde": 0.39654791355133057,
    "chains_ptm": {
        "0": 0.9803495407104492,
        "1": 0.9863064885139465
    },
    "pair_chains_iptm": {
        "0": {
            "0": 0.9803495407104492,
            "1": 0.9339261054992676
        },
        "1": {
            "0": 0.980194628238678,
            "1": 0.9863064885139465
        }
    }
}