{
    "confidence_score": 0.910071849822998,
    "ptm": 0.9780967235565186,
    "iptm": 0.9702576398849487,
    "ligand_iptm": 0.0,
    "protein_iptm": 0.9702576398849487,
    "complex_plddt": 0.895025372505188,
    "complex_iplddt": 0.8653925657272339,
    "complex_pde": 0.3073124289512634,
    "complex_ipde": 0.4144533574581146,
    "chains_ptm": {
        "0": 0.9785709381103516,
        "1": 0.9792682528495789
    },
    "pair_chains_iptm": {
        "0": {
            "0": 0.9785709381103516,
            "1": 0.9089727997779846
        },
        "1": {
            "0": 0.9702576398849487,
            "1": 0.9792682528495789
        }
    }
}