{
    "confidence_score": 0.9267374873161316,
    "ptm": 0.9857678413391113,
    "iptm": 0.9777138829231262,
    "ligand_iptm": 0.0,
    "protein_iptm": 0.9777138829231262,
    "complex_plddt": 0.9139933586120605,
    "complex_iplddt": 0.8508148193359375,
    "complex_pde": 0.2804393470287323,
    "complex_ipde": 0.4503864347934723,
    "chains_ptm": {
        "0": 0.9862422943115234,
        "1": 0.9860057234764099
    },
    "pair_chains_iptm": {
        "0": {
            "0": 0.9862422943115234,
            "1": 0.891973078250885
        },
        "1": {
            "0": 0.9777138829231262,
            "1": 0.9860057234764099
        }
    }
}