{
    "confidence_score": 0.9364053606987,
    "ptm": 0.986510694026947,
    "iptm": 0.9792351722717285,
    "ligand_iptm": 0.0,
    "protein_iptm": 0.9792351722717285,
    "complex_plddt": 0.9256978631019592,
    "complex_iplddt": 0.8786371350288391,
    "complex_pde": 0.27601858973503113,
    "complex_ipde": 0.387279212474823,
    "chains_ptm": {
        "0": 0.9869520664215088,
        "1": 0.979457676410675
    },
    "pair_chains_iptm": {
        "0": {
            "0": 0.9869520664215088,
            "1": 0.8558269143104553
        },
        "1": {
            "0": 0.9792351722717285,
            "1": 0.979457676410675
        }
    }
}