Design,binder_sequence,boltz_confidence_score,boltz_complex_pDE,boltz_complex_iPDE,boltz_pTM_complex,boltz_ipTM_complex,boltz_pLDDT_complex,boltz_ipLDDT_complex,boltz_pLDDT_target,boltz_pLDDT_binder
peptide_l12_s182269_mpnn1_complete,CYNSVATGDAKC,0.9169940948486328,0.3319959044456482,0.9241911768913269,0.971002995967865,0.9172666668891907,0.9169259071350098,0.8611575961112976,0.93729925,0.51115656
peptide_l12_s182269_complete,CRHNRDFGPEEC,0.9339710474014282,0.2995714843273163,0.5540029406547546,0.9789958000183105,0.9561601877212524,0.9284237623214722,0.9164456725120544,0.9368773,0.76005715
