Design,binder_sequence,boltz_confidence_score,boltz_complex_pDE,boltz_complex_iPDE,boltz_pTM_complex,boltz_ipTM_complex,boltz_pLDDT_complex,boltz_ipLDDT_complex,boltz_pLDDT_target,boltz_pLDDT_binder
peptide_l14_s151759_complete,CYEIRVSRRRFVKC,0.8281911015510559,0.5094624757766724,3.6255040168762207,0.9418600797653198,0.5827004909515381,0.8895637392997742,0.8002119064331055,0.9201478,0.36744982
peptide_l14_s151759_mpnn1_complete,CSIGPSGPNNSELC,0.8549246788024902,0.4503677785396576,2.647292137145996,0.953106701374054,0.6707763075828552,0.9009618163108826,0.7985270023345947,0.9300915,0.40367654
